"n_cams","total_n","mean_n","sd_n","min_n","max_n"
31,926,29.8709677419355,2.66760736096189,22,31
