"n_cams","total_n","mean_n","sd_n","min_n","max_n"
36,1022,28.3888888888889,9.60142185237695,6,35
