"n_cams","total_n","mean_n","sd_n","min_n","max_n"
34,949,27.9117647058824,5.95624269942672,1,30
