"n_cams","total_n","mean_n","sd_n","min_n","max_n"
34,963,28.3235294117647,4.47024227012968,11,30
