"n_cams","total_n","mean_n","sd_n","min_n","max_n"
36,1004,27.8888888888889,6.70086466820419,3,30
