"n_cams","total_n","mean_n","sd_n","min_n","max_n"
31,904,29.1612903225806,3.2873167801268,15,30
