"","model","mean","upper","lower"
"1","baseline",2.61769323524758,2.61769323524758,2.61769323524758
"2","added_sightings",19.192030462934,30.8714585096909,11.9312157919122
"3","overdispersion_adjust",19.1919634632735,32.2385767693091,11.4251774887989
"4","half_normal_df",19.1922608749129,32.2659492374861,11.4158388702471
"5","poisson",19.1920337807414,32.2613130267566,11.4172092231842
