"","mean","upper","lower","buffer"
"1",19.1920337807414,32.2613130267566,11.4172092231842,1000
"2",19.6393951028575,32.6869028157444,11.8000118328849,500
"3",19.6393951028575,32.6869028157444,11.8000118328849,2000
